{
  "coeffs": {
    "Fx_coeff": -0.06732949821085524,
    "Fy_coeff": 0.7821453948161918,
    "CD_pressure": 0.0010951736790338895,
    "CL_pressure": 0.7850372478781595,
    "CM_ref": -0.1494798234733979
  },
  "xfoil_coeffs": {
    "Fx_coeff": -0.06374761556052669,
    "Fy_coeff": 0.796890167664453,
    "CD_pressure": 0.005948517813713694,
    "CL_pressure": 0.79941373077134,
    "CM_ref": -0.1481433150498485
  },
  "cp_mae_vs_xfoil": 0.023420508950948715,
  "xfoil_error": null
}