{
  "coeffs": {
    "Fx_coeff": -0.06684713525732129,
    "Fy_coeff": 0.7513996547621787,
    "CD_pressure": -0.0011039667148336485,
    "CL_pressure": 0.7543664639459555,
    "CM_ref": -0.14388250606106182
  },
  "xfoil_coeffs": {
    "Fx_coeff": -0.06374761556052669,
    "Fy_coeff": 0.796890167664453,
    "CD_pressure": 0.005948517813713694,
    "CL_pressure": 0.79941373077134,
    "CM_ref": -0.1481433150498485
  },
  "cp_mae_vs_xfoil": 0.054600633680820465,
  "xfoil_error": null
}