{
  "device": "cuda",
  "U": 2.0,
  "alpha_deg": 5.0,
  "nu": 0.01,
  "Re": 200.0,
  "q": 2.0,
  "freestream": {
    "u": 1.992389396183491,
    "v": 0.17431148549531633
  },
  "domain": {
    "x_min": -4.0,
    "x_max": 6.0,
    "y_min": -3.0,
    "y_max": 3.0
  },
  "pressure_gauge": {
    "x": 6.0,
    "y": 0.0,
    "weight": 1.0
  },
  "naca": {
    "m": 0.02,
    "p": 0.4,
    "t": 0.12
  },
  "fourier": {
    "mode": "multiscale",
    "n_freqs": 16,
    "scale": 1.0,
    "include_raw": true
  },
  "normal_check": {
    "ok": true,
    "frac_plus_outside": 1.0,
    "frac_minus_inside": 0.9991666666666666
  },
  "inflow_boundaries": [
    "left",
    "bottom"
  ],
  "outflow_boundaries": [
    "right",
    "top"
  ],
  "CL_teacher_reference": 0.3792563167084713,
  "pressure_only": {
    "Fx": -7.841625483706594e-05,
    "Fy": -6.19199126958847e-05,
    "D": -8.351453329477626e-05,
    "L": -5.484986180012998e-05,
    "CD": -4.175726664738813e-05,
    "CL": -2.742493090006499e-05
  },
  "validation": {
    "global_pde_mse": 0.004262649454176426,
    "global_div_mse": 6.669826689176261e-05,
    "near_pde_mse": 2.777796908048913e-06,
    "near_div_mse": 5.1870863160274894e-08
  },
  "loss_weights": {
    "w_cl": 0.0,
    "w_pressure_gauge": 1.0,
    "w_outflow_cp": 0.0,
    "w_far_cp": 0.0,
    "w_pde": 1.0,
    "w_div": 5.0,
    "w_near_pde": 20.0,
    "w_near_div": 50.0,
    "w_inflow_vel": 10.0,
    "w_wall": 50.0
  }
}