{
  "u": {
    "min": -0.24207471311092377,
    "max": 1.1677004098892212,
    "mean": 0.6940492391586304,
    "std": 0.32685768604278564
  },
  "v": {
    "min": -0.16485175490379333,
    "max": 0.8994778990745544,
    "mean": 0.08320526033639908,
    "std": 0.07003621011972427
  },
  "speed": {
    "min": 0.00019124732352793217,
    "max": 1.2486928701400757,
    "mean": 0.7009676694869995,
    "std": 0.33017075061798096
  },
  "p": {
    "min": -0.8164524435997009,
    "max": 0.4794515371322632,
    "mean": -0.08421158045530319,
    "std": 0.13823679089546204
  },
  "cp_like": {
    "min": -1.6329048871994019,
    "max": 0.9589030742645264,
    "mean": -0.16842316091060638,
    "std": 0.2764735817909241
  },
  "divergence": {
    "min": -2.516845703125,
    "max": 1.6986808776855469,
    "mean": -0.0726199522614479,
    "std": 0.09418755769729614
  },
  "momentum_residual": {
    "min": 0.00013369689986575395,
    "max": 11.024007797241211,
    "mean": 0.12612971663475037,
    "std": 0.16038623452186584
  }
}