alpha_deg,U,Fx,Fy,D,L,CD,CL
-15.0,2.0,-0.06439337134361267,-0.08192837238311768,-0.04099459731561564,-0.09580296167276728,-0.02049729865780782,-0.04790148083638364
-10.0,2.0,-0.0642205998301506,-0.035417795181274414,-0.05709470902561792,-0.04603150941830029,-0.02854735451280896,-0.023015754709150144
-5.0,2.0,-0.05195484682917595,-0.003311634063720703,-0.05146851502486179,-0.007827195561036228,-0.025734257512430896,-0.003913597780518114
0.0,2.0,-0.04238405078649521,0.03581392765045166,-0.04238405078649521,0.03581392765045166,-0.021192025393247604,0.01790696382522583
5.0,2.0,-0.0545380637049675,0.10126867890357971,-0.04550438298016289,0.10563662645672704,-0.022752191490081446,0.05281831322836352
10.0,2.0,-0.15477943420410156,0.37666207551956177,-0.08702130380082658,0.397816898927195,-0.04351065190041329,0.1989084494635975
15.0,2.0,-0.5525727272033691,1.7878588438034058,-0.07101234937742396,1.8699553765934949,-0.03550617468871198,0.9349776882967474
