{
  "u": {
    "min": 0.00493469275534153,
    "max": 1.251124620437622,
    "mean": 0.9512647986412048,
    "std": 0.2766839265823364
  },
  "v": {
    "min": -0.06482970714569092,
    "max": 0.20470410585403442,
    "mean": 0.06801699101924896,
    "std": 0.04627634212374687
  },
  "speed": {
    "min": 0.00501465005800128,
    "max": 1.2540199756622314,
    "mean": 0.9545953869819641,
    "std": 0.27744221687316895
  },
  "p": {
    "min": -0.10062935948371887,
    "max": 0.0027160365134477615,
    "mean": -0.0420084074139595,
    "std": 0.025417810305953026
  },
  "cp_like": {
    "min": -0.20125871896743774,
    "max": 0.005432073026895523,
    "mean": -0.084016814827919,
    "std": 0.05083562061190605
  },
  "divergence": {
    "min": -0.08754485845565796,
    "max": 0.02899172529578209,
    "mean": -0.002777030458673835,
    "std": 0.010763105005025864
  },
  "momentum_residual": {
    "min": 0.0001264765887754038,
    "max": 0.2871971130371094,
    "mean": 0.03126753494143486,
    "std": 0.031805604696273804
  }
}