{
  "coeffs": {
    "Fx_coeff": -0.001510438231915808,
    "Fy_coeff": 7.832604235818996e-05,
    "CD_pressure": -0.0014978639940313857,
    "CL_pressure": 0.00020967135409682015,
    "CM_ref": 3.0972591656207304e-05
  },
  "xfoil_coeffs": null,
  "cp_mae_vs_xfoil": null
}