{
  "u": {
    "min": -0.003543628379702568,
    "max": 1.2559912204742432,
    "mean": 0.9525720477104187,
    "std": 0.27031782269477844
  },
  "v": {
    "min": -0.05632404610514641,
    "max": 0.18817943334579468,
    "mean": 0.06714227795600891,
    "std": 0.041744038462638855
  },
  "speed": {
    "min": 0.0003947099612560123,
    "max": 1.2593075037002563,
    "mean": 0.9556508660316467,
    "std": 0.2710117697715759
  },
  "p": {
    "min": -0.045670267194509506,
    "max": 0.009634832851588726,
    "mean": -0.019490815699100494,
    "std": 0.011272041127085686
  },
  "cp_like": {
    "min": -0.09134053438901901,
    "max": 0.019269665703177452,
    "mean": -0.03898163139820099,
    "std": 0.02254408225417137
  },
  "divergence": {
    "min": -0.09789299219846725,
    "max": 0.023318421095609665,
    "mean": -0.005430520512163639,
    "std": 0.010381647385656834
  },
  "momentum_residual": {
    "min": 4.284977330826223e-05,
    "max": 0.2624501883983612,
    "mean": 0.027273127809166908,
    "std": 0.02753058262169361
  }
}