alpha_deg,U,Fx,Fy,D,L,CD,CL
-15.0,2.0,-0.11871320009231567,1.2795383930206299,-0.4458370509442028,1.2052139424580808,-0.2229185254721014,0.6026069712290404
-10.0,2.0,-0.11871320009231567,1.2795383930206299,-0.3390991900387069,1.2394849988624577,-0.16954959501935346,0.6197424994312288
-5.0,2.0,-0.11871320009231567,1.2795383930206299,-0.22978057954332734,1.2643228260039865,-0.11489028977166367,0.6321614130019932
0.0,2.0,-0.11871320009231567,1.2795383930206299,-0.11871320009231567,1.2795383930206299,-0.05935660004615784,0.6397691965103149
5.0,2.0,-0.11871320009231567,1.2795383930206299,-0.006742341507611438,1.2850159002599808,-0.003371170753805719,0.6425079501299904
10.0,2.0,-0.11871320009231567,1.2795383930206299,0.10527983036710283,1.2807136605845382,0.05263991518355141,0.6403568302922691
15.0,2.0,-0.11871320009231567,1.2795383930206299,0.21650075916302378,1.2666644166359962,0.10825037958151189,0.6333322083179981
