{
  "u": {
    "min": -0.00592927448451519,
    "max": 1.2486416101455688,
    "mean": 0.9522568583488464,
    "std": 0.26981326937675476
  },
  "v": {
    "min": -0.05608195811510086,
    "max": 0.19137796759605408,
    "mean": 0.06750746071338654,
    "std": 0.042079877108335495
  },
  "speed": {
    "min": 0.000177320689545013,
    "max": 1.251976490020752,
    "mean": 0.9553729891777039,
    "std": 0.2705232799053192
  },
  "p": {
    "min": -0.04693073034286499,
    "max": 0.002846074290573597,
    "mean": -0.022319471463561058,
    "std": 0.010864716954529285
  },
  "cp_like": {
    "min": -0.09386146068572998,
    "max": 0.005692148581147194,
    "mean": -0.044638942927122116,
    "std": 0.02172943390905857
  },
  "divergence": {
    "min": -0.09809780865907669,
    "max": 0.02217923104763031,
    "mean": -0.005718897562474012,
    "std": 0.010848918929696083
  },
  "momentum_residual": {
    "min": 3.6069463931198698e-06,
    "max": 0.26098155975341797,
    "mean": 0.02770964801311493,
    "std": 0.02741861343383789
  }
}