{
  "coeffs": {
    "Fx_coeff": -0.07012313650344332,
    "Fy_coeff": 0.789091978769582,
    "CD_pressure": -0.0010823992924117454,
    "CL_pressure": 0.7922008796027349,
    "CM_ref": -0.14545833803089012
  },
  "xfoil_coeffs": {
    "Fx_coeff": -0.06374761556052669,
    "Fy_coeff": 0.796890167664453,
    "CD_pressure": 0.005948517813713694,
    "CL_pressure": 0.79941373077134,
    "CM_ref": -0.1481433150498485
  },
  "cp_mae_vs_xfoil": 0.025520479306578636
}