{
  "u": {
    "min": -0.00036710500717163086,
    "max": 1.0393171310424805,
    "mean": 0.5510859489440918,
    "std": 0.3061380386352539
  },
  "v": {
    "min": -0.1497170776128769,
    "max": 0.9271173477172852,
    "mean": 0.025831161066889763,
    "std": 0.058220937848091125
  },
  "speed": {
    "min": 0.010126110166311264,
    "max": 1.1199722290039062,
    "mean": 0.5536060333251953,
    "std": 0.30821019411087036
  },
  "p": {
    "min": -0.6962683796882629,
    "max": 0.4250710904598236,
    "mean": -0.08125100284814835,
    "std": 0.16981695592403412
  },
  "cp_like": {
    "min": -1.3925367593765259,
    "max": 0.8501421809196472,
    "mean": -0.1625020056962967,
    "std": 0.33963391184806824
  },
  "divergence": {
    "min": -4.02942419052124,
    "max": 0.5041405558586121,
    "mean": -0.07464347779750824,
    "std": 0.06543146818876266
  },
  "momentum_residual": {
    "min": 0.00020031830354128033,
    "max": 6.86286735534668,
    "mean": 0.09727470576763153,
    "std": 0.14507469534873962
  }
}