{
  "u": {
    "min": 0.002439383417367935,
    "max": 1.219584345817566,
    "mean": 0.9674025774002075,
    "std": 0.2679654061794281
  },
  "v": {
    "min": -0.1200987696647644,
    "max": 0.1654919534921646,
    "mean": 0.013828852213919163,
    "std": 0.045371994376182556
  },
  "speed": {
    "min": 0.004932420793920755,
    "max": 1.219628095626831,
    "mean": 0.9685900807380676,
    "std": 0.2678737938404083
  },
  "p": {
    "min": -0.11660431325435638,
    "max": 0.04769738018512726,
    "mean": -0.03138172999024391,
    "std": 0.027481285855174065
  },
  "cp_like": {
    "min": -0.23320862650871277,
    "max": 0.09539476037025452,
    "mean": -0.06276345998048782,
    "std": 0.05496257171034813
  },
  "divergence": {
    "min": -0.07238571345806122,
    "max": 0.052059609442949295,
    "mean": -0.0020905861165374517,
    "std": 0.009176290594041348
  },
  "momentum_residual": {
    "min": 2.2628337319474667e-05,
    "max": 0.2940311133861542,
    "mean": 0.029281653463840485,
    "std": 0.030234139412641525
  }
}