{
  "u": {
    "min": -0.004961585626006126,
    "max": 1.248640775680542,
    "mean": 0.9525724053382874,
    "std": 0.26899242401123047
  },
  "v": {
    "min": -0.05607765167951584,
    "max": 0.19136375188827515,
    "mean": 0.06763200461864471,
    "std": 0.04195661097764969
  },
  "speed": {
    "min": 0.0005607708008028567,
    "max": 1.2519763708114624,
    "mean": 0.9556917548179626,
    "std": 0.26970136165618896
  },
  "p": {
    "min": -0.04692821204662323,
    "max": 0.002845791168510914,
    "mean": -0.022256819531321526,
    "std": 0.010894138365983963
  },
  "cp_like": {
    "min": -0.09385642409324646,
    "max": 0.005691582337021828,
    "mean": -0.04451363906264305,
    "std": 0.021788276731967926
  },
  "divergence": {
    "min": -0.0980694591999054,
    "max": 0.022166214883327484,
    "mean": -0.005722980014979839,
    "std": 0.010888056829571724
  },
  "momentum_residual": {
    "min": 5.878480806131847e-05,
    "max": 0.2607049345970154,
    "mean": 0.027643004432320595,
    "std": 0.027378419414162636
  }
}