{
  "u": {
    "min": -0.32664361596107483,
    "max": 1.0231389999389648,
    "mean": 0.28482091426849365,
    "std": 0.4340091943740845
  },
  "v": {
    "min": -0.11400792002677917,
    "max": 0.3463535010814667,
    "mean": 0.0165567584335804,
    "std": 0.0627642422914505
  },
  "speed": {
    "min": 0.006543479859828949,
    "max": 1.0278170108795166,
    "mean": 0.4059216380119324,
    "std": 0.3300425112247467
  },
  "p": {
    "min": -0.6465845108032227,
    "max": 0.36126968264579773,
    "mean": -0.1452491134405136,
    "std": 0.20557762682437897
  },
  "cp_like": {
    "min": -1.2931690216064453,
    "max": 0.7225393652915955,
    "mean": -0.2904982268810272,
    "std": 0.41115525364875793
  },
  "divergence": {
    "min": -1.1992088556289673,
    "max": 1.7024669647216797,
    "mean": -0.11039146780967712,
    "std": 0.11782590299844742
  },
  "momentum_residual": {
    "min": 0.0002728407271206379,
    "max": 7.162087917327881,
    "mean": 0.13562455773353577,
    "std": 0.20472018420696259
  }
}