{
  "coeffs": {
    "Fx_coeff": -0.06840199233026009,
    "Fy_coeff": 0.7786588843229565,
    "CD_pressure": -0.0002771086880872381,
    "CL_pressure": 0.7816574786315265,
    "CM_ref": -0.1478936853170082
  },
  "xfoil_coeffs": {
    "Fx_coeff": -0.06374761556052669,
    "Fy_coeff": 0.796890167664453,
    "CD_pressure": 0.005948517813713694,
    "CL_pressure": 0.79941373077134,
    "CM_ref": -0.1481433150498485
  },
  "cp_mae_vs_xfoil": 0.024540729820728302
}