{
  "u": {
    "min": -0.0032192841172218323,
    "max": 1.2123085260391235,
    "mean": 0.9543261528015137,
    "std": 0.27585890889167786
  },
  "v": {
    "min": -0.1328832507133484,
    "max": 0.1672390252351761,
    "mean": 0.009209157899022102,
    "std": 0.047333404421806335
  },
  "speed": {
    "min": 0.000850129232276231,
    "max": 1.21232271194458,
    "mean": 0.9555553793907166,
    "std": 0.27581852674484253
  },
  "p": {
    "min": -0.16900640726089478,
    "max": 0.004883205518126488,
    "mean": -0.05613372102379799,
    "std": 0.035947464406490326
  },
  "cp_like": {
    "min": -0.33801281452178955,
    "max": 0.009766411036252975,
    "mean": -0.11226744204759598,
    "std": 0.07189492881298065
  },
  "divergence": {
    "min": -0.07342585921287537,
    "max": 0.050809405744075775,
    "mean": -0.00456596864387393,
    "std": 0.009835608303546906
  },
  "momentum_residual": {
    "min": 4.768699000123888e-05,
    "max": 0.321740061044693,
    "mean": 0.032333854585886,
    "std": 0.03347804397344589
  }
}