{
  "u": {
    "min": -0.022407248616218567,
    "max": 1.1838405132293701,
    "mean": 0.7867286205291748,
    "std": 0.26073217391967773
  },
  "v": {
    "min": -0.13595180213451385,
    "max": 0.9181379079818726,
    "mean": 0.06608973443508148,
    "std": 0.06605707108974457
  },
  "speed": {
    "min": 0.017743125557899475,
    "max": 1.203845739364624,
    "mean": 0.7915565967559814,
    "std": 0.26285484433174133
  },
  "p": {
    "min": -0.690207839012146,
    "max": 0.4176280200481415,
    "mean": -0.050430893898010254,
    "std": 0.11495446413755417
  },
  "cp_like": {
    "min": -1.380415678024292,
    "max": 0.835256040096283,
    "mean": -0.10086178779602051,
    "std": 0.22990892827510834
  },
  "divergence": {
    "min": -0.7199153900146484,
    "max": 0.3279111385345459,
    "mean": -0.04249199107289314,
    "std": 0.05557557940483093
  },
  "momentum_residual": {
    "min": 0.00033151969546452165,
    "max": 6.303770542144775,
    "mean": 0.09421240538358688,
    "std": 0.12089420855045319
  }
}