{
  "coeffs": {
    "Fx_coeff": -0.0014848878123816184,
    "Fy_coeff": -5.6040142408064764e-05,
    "CD_pressure": -0.0014841215861908783,
    "CL_pressure": 7.358960743784475e-05,
    "CM_ref": 3.837634768904391e-05
  },
  "xfoil_coeffs": null,
  "cp_mae_vs_xfoil": null,
  "xfoil_error": null
}