{
  "u": {
    "min": 2.4084001779556274e-05,
    "max": 1.2368148565292358,
    "mean": 0.9399726390838623,
    "std": 0.2723158597946167
  },
  "v": {
    "min": -0.061280958354473114,
    "max": 0.20020078122615814,
    "mean": 0.068016916513443,
    "std": 0.04426376149058342
  },
  "speed": {
    "min": 0.0010422178311273456,
    "max": 1.2394952774047852,
    "mean": 0.9432697296142578,
    "std": 0.2730059027671814
  },
  "p": {
    "min": -0.10200125724077225,
    "max": 0.0036670025438070297,
    "mean": -0.043017733842134476,
    "std": 0.025584304705262184
  },
  "cp_like": {
    "min": -0.2040025144815445,
    "max": 0.0073340050876140594,
    "mean": -0.08603546768426895,
    "std": 0.05116860941052437
  },
  "divergence": {
    "min": -0.09154363721609116,
    "max": 0.02895938605070114,
    "mean": -0.004974079318344593,
    "std": 0.011106750927865505
  },
  "momentum_residual": {
    "min": 2.708631473069545e-05,
    "max": 0.28658631443977356,
    "mean": 0.030218543484807014,
    "std": 0.03185048699378967
  }
}