{
  "u": {
    "min": -0.023355841636657715,
    "max": 1.1034810543060303,
    "mean": 0.7798367738723755,
    "std": 0.266700804233551
  },
  "v": {
    "min": -0.08918523043394089,
    "max": 0.8836462497711182,
    "mean": 0.07589901238679886,
    "std": 0.05064140260219574
  },
  "speed": {
    "min": 0.005085036624222994,
    "max": 1.1772366762161255,
    "mean": 0.7845459580421448,
    "std": 0.26849091053009033
  },
  "p": {
    "min": -0.696601152420044,
    "max": 0.4234863519668579,
    "mean": -0.06207209825515747,
    "std": 0.12372281402349472
  },
  "cp_like": {
    "min": -1.393202304840088,
    "max": 0.8469727039337158,
    "mean": -0.12414419651031494,
    "std": 0.24744562804698944
  },
  "divergence": {
    "min": -2.020219564437866,
    "max": 0.434135377407074,
    "mean": -0.05272134393453598,
    "std": 0.049819834530353546
  },
  "momentum_residual": {
    "min": 0.0001130981690948829,
    "max": 9.037710189819336,
    "mean": 0.09414102882146835,
    "std": 0.13802196085453033
  }
}