{
  "coeffs": {
    "Fx_coeff": -0.06623764932807233,
    "Fy_coeff": 0.7863508214773555,
    "CD_pressure": 0.0025493948314041365,
    "CL_pressure": 0.7891315107208773,
    "CM_ref": -0.14975723056023532
  },
  "xfoil_coeffs": {
    "Fx_coeff": -0.06374761556052669,
    "Fy_coeff": 0.796890167664453,
    "CD_pressure": 0.005948517813713694,
    "CL_pressure": 0.79941373077134,
    "CM_ref": -0.1481433150498485
  },
  "cp_mae_vs_xfoil": 0.02088833972811699,
  "xfoil_error": null
}