case,case_dir,status,CL_pressure,CD_pressure,CM_ref,cp_mae_vs_xfoil,speed_mean,speed_std,cp_like_min,cp_like_max
30_openBC_unsupervised_Re1000,runs_pinn_openbc_v3_full_data/30_openBC_unsupervised_Re1000,ok,0.0006112949336386325,-0.0015168271141797905,-6.640858557392312e-06,,0.9559539556503296,0.27018943428993225,-0.0913347601890564,0.01925775222480297
30_openBC_unsupervised_Re200,runs_pinn_openbc_v3_full_data/30_openBC_unsupervised_Re200,ok,0.000666495266263587,-0.006361092896162615,0.00011241820294354866,,0.9545953869819641,0.27744221687316895,-0.20125871896743774,0.005432073026895523
30_openBC_unsupervised_kutta_Re1000,runs_pinn_openbc_v3_full_data/30_openBC_unsupervised_kutta_Re1000,ok,7.358960743784475e-05,-0.0014841215861908783,3.837634768904391e-05,,0.9556917548179626,0.26970136165618896,-0.09385642409324646,0.005691582337021828
30_openBC_unsupervised_kutta_Re200,runs_pinn_openbc_v3_full_data/30_openBC_unsupervised_kutta_Re200,ok,7.408790437559028e-05,-0.006457468639680968,0.00016254985348500978,,0.9432697296142578,0.2730059027671814,-0.2040025144815445,0.0073340050876140594
31_openBC_xfoilData_strongerPDE_Re200,runs_pinn_openbc_v3_full_data/31_openBC_xfoilData_strongerPDE_Re200,ok,0.79175182420059,0.0033498569100575554,-0.1526144934654674,0.028706222772598267,0.7915565967559814,0.26285484433174133,-1.380415678024292,0.835256040096283
31_openBC_xfoilData_weakPDE_Re200,runs_pinn_openbc_v3_full_data/31_openBC_xfoilData_weakPDE_Re200,ok,0.7850372478781595,0.0010951736790338895,-0.1494798234733979,0.023420508950948715,0.7845459580421448,0.26849091053009033,-1.393202304840088,0.8469727039337158
31_openBC_xfoilData_weakPDE_kutta_Re200,runs_pinn_openbc_v3_full_data/31_openBC_xfoilData_weakPDE_kutta_Re200,ok,0.7838452425895832,0.0028928004776724997,-0.1487617041838215,0.023110633715987206,0.7017022371292114,0.32995638251304626,-1.3635660409927368,0.8325636386871338
