{
  "coeffs": {
    "Fx_coeff": -0.06469752032510681,
    "Fy_coeff": 0.7673064992264548,
    "CD_pressure": 0.002423841127632706,
    "CL_pressure": 0.7700254267785986,
    "CM_ref": -0.14884989354425368
  },
  "xfoil_coeffs": {
    "Fx_coeff": -0.06374761556052669,
    "Fy_coeff": 0.796890167664453,
    "CD_pressure": 0.005948517813713694,
    "CL_pressure": 0.79941373077134,
    "CM_ref": -0.1481433150498485
  },
  "cp_mae_vs_xfoil": 0.0314607247710228,
  "xfoil_error": null
}