{
  "u": {
    "min": 0.00424099899828434,
    "max": 1.2511703968048096,
    "mean": 0.9509304165840149,
    "std": 0.2775302529335022
  },
  "v": {
    "min": -0.06489892303943634,
    "max": 0.20471273362636566,
    "mean": 0.06789342314004898,
    "std": 0.0464191734790802
  },
  "speed": {
    "min": 0.004329835996031761,
    "max": 1.254072904586792,
    "mean": 0.9542590975761414,
    "std": 0.2782903015613556
  },
  "p": {
    "min": -0.10063718259334564,
    "max": 0.0027160663157701492,
    "mean": -0.04206839203834534,
    "std": 0.025389235466718674
  },
  "cp_like": {
    "min": -0.20127436518669128,
    "max": 0.0054321326315402985,
    "mean": -0.08413678407669067,
    "std": 0.05077847093343735
  },
  "divergence": {
    "min": -0.08759471774101257,
    "max": 0.028998248279094696,
    "mean": -0.0027628049720078707,
    "std": 0.010719184763729572
  },
  "momentum_residual": {
    "min": 3.288008156232536e-05,
    "max": 0.28764864802360535,
    "mean": 0.031349074095487595,
    "std": 0.03186700493097305
  }
}