alpha_deg,U,Fx,Fy,D,L,CD,CL
-10.0,2.0,-0.03068752959370613,0.019682496786117554,-0.033639146763517896,0.01405464184255937,-0.016819573381758948,0.007027320921279685
-5.0,2.0,-0.03068752959370613,0.019682496786117554,-0.032286196905306055,0.01693300450870793,-0.016143098452653028,0.008466502254353966
0.0,2.0,-0.03068752959370613,0.019682496786117554,-0.03068752959370613,0.019682496786117554,-0.015343764796853065,0.009841248393058777
5.0,2.0,-0.03068752959370613,0.019682496786117554,-0.028855311652261115,0.02228219337836833,-0.014427655826130557,0.011141096689184164
10.0,2.0,-0.03068752959370613,0.019682496786117554,-0.026803487365828847,0.024712309024653496,-0.013401743682914424,0.012356154512326748
15.0,2.0,-0.03068752959370613,0.019682496786117554,-0.024547672356154453,0.026954349077560898,-0.012273836178077226,0.013477174538780449
