{
  "u": {
    "min": -0.009838640689849854,
    "max": 1.1673200130462646,
    "mean": 0.6947894096374512,
    "std": 0.3266553580760956
  },
  "v": {
    "min": -0.1624523401260376,
    "max": 0.8876126408576965,
    "mean": 0.08324437588453293,
    "std": 0.06993995606899261
  },
  "speed": {
    "min": 0.0009289472363889217,
    "max": 1.2480415105819702,
    "mean": 0.7017022371292114,
    "std": 0.32995638251304626
  },
  "p": {
    "min": -0.6817830204963684,
    "max": 0.4162818193435669,
    "mean": -0.08437535911798477,
    "std": 0.1381899118423462
  },
  "cp_like": {
    "min": -1.3635660409927368,
    "max": 0.8325636386871338,
    "mean": -0.16875071823596954,
    "std": 0.2763798236846924
  },
  "divergence": {
    "min": -1.4178838729858398,
    "max": 0.9845505952835083,
    "mean": -0.07240267097949982,
    "std": 0.09323474019765854
  },
  "momentum_residual": {
    "min": 0.00020518864039331675,
    "max": 3.763127565383911,
    "mean": 0.12557204067707062,
    "std": 0.15971361100673676
  }
}