{
  "coeffs": {
    "Fx_coeff": -0.06566860861685037,
    "Fy_coeff": 0.78903092874019,
    "CD_pressure": 0.0033498569100575554,
    "CL_pressure": 0.79175182420059,
    "CM_ref": -0.1526144934654674
  },
  "xfoil_coeffs": {
    "Fx_coeff": -0.06374761556052669,
    "Fy_coeff": 0.796890167664453,
    "CD_pressure": 0.005948517813713694,
    "CL_pressure": 0.79941373077134,
    "CM_ref": -0.1481433150498485
  },
  "cp_mae_vs_xfoil": 0.028706222772598267,
  "xfoil_error": null
}