{
  "coeffs": {
    "Fx_coeff": -0.00015223888763993623,
    "Fy_coeff": 0.0008336864600197169,
    "CD_pressure": -7.899901006860519e-05,
    "CL_pressure": 0.0008437825246698538,
    "CM_ref": -5.546047231790724e-05
  },
  "xfoil_coeffs": null,
  "cp_mae_vs_xfoil": null
}