{
  "u": {
    "min": -0.002152562141418457,
    "max": 1.1424615383148193,
    "mean": 0.6695796847343445,
    "std": 0.28357282280921936
  },
  "v": {
    "min": -0.1493893712759018,
    "max": 0.920767068862915,
    "mean": 0.030988415703177452,
    "std": 0.05659116804599762
  },
  "speed": {
    "min": 0.014053842052817345,
    "max": 1.14253568649292,
    "mean": 0.6721220016479492,
    "std": 0.2848951816558838
  },
  "p": {
    "min": -0.6695383787155151,
    "max": 0.40559569001197815,
    "mean": -0.06433232873678207,
    "std": 0.12992896139621735
  },
  "cp_like": {
    "min": -1.3390767574310303,
    "max": 0.8111913800239563,
    "mean": -0.12866465747356415,
    "std": 0.2598579227924347
  },
  "divergence": {
    "min": -3.1724319458007812,
    "max": 0.3175697922706604,
    "mean": -0.05274786055088043,
    "std": 0.05366290360689163
  },
  "momentum_residual": {
    "min": 0.00025300035485997796,
    "max": 6.018919467926025,
    "mean": 0.06993262469768524,
    "std": 0.11104586720466614
  }
}