{
  "coeffs": {
    "Fx_coeff": -0.00011604577598996278,
    "Fy_coeff": -0.0027363093209430422,
    "CD_pressure": -0.0003540892580312743,
    "CL_pressure": -0.0027157827820633498,
    "CM_ref": 0.00023857958082686669
  },
  "xfoil_coeffs": null,
  "cp_mae_vs_xfoil": null
}