case,case_dir,status,CL_pressure,CD_pressure,CM_ref,cp_mae_vs_xfoil,speed_mean,speed_std,cp_like_min,cp_like_max
30_openBC_unsupervised_Re1000,runs_pinn_openbc_v3_full_data/30_openBC_unsupervised_Re1000,ok,0.0009262106965578375,-0.0014346104536323288,-5.0530762190244966e-05,,0.9604883790016174,0.26777517795562744,-0.23186194896697998,0.08325796574354172
30_openBC_unsupervised_Re200,runs_pinn_openbc_v3_full_data/30_openBC_unsupervised_Re200,ok,0.0010389162688934283,-0.006022441792659928,4.1449149838942295e-05,,0.9555553793907166,0.27581852674484253,-0.33801281452178955,0.009766411036252975
30_openBC_unsupervised_kutta_Re1000,runs_pinn_openbc_v3_full_data/30_openBC_unsupervised_kutta_Re1000,ok,0.0006823329814020063,-0.0014146314274375924,-3.0374861606230485e-05,,0.9685900807380676,0.2678737938404083,-0.23320862650871277,0.09539476037025452
30_openBC_unsupervised_kutta_Re200,runs_pinn_openbc_v3_full_data/30_openBC_unsupervised_kutta_Re200,ok,0.0004514234015870482,-0.005854613603060548,8.647344614651914e-05,,0.9566450715065002,0.2770794928073883,-0.351380854845047,0.008785020560026169
31_openBC_xfoilData_strongerPDE_Re200,runs_pinn_openbc_v3_full_data/31_openBC_xfoilData_strongerPDE_Re200,ok,0.7700254267785986,0.002423841127632706,-0.14884989354425368,0.0314607247710228,0.6721220016479492,0.2848951816558838,-1.3390767574310303,0.8111913800239563
31_openBC_xfoilData_weakPDE_Re200,runs_pinn_openbc_v3_full_data/31_openBC_xfoilData_weakPDE_Re200,ok,0.7891315107208773,0.0025493948314041365,-0.14975723056023532,0.02088833972811699,0.5536060333251953,0.30821019411087036,-1.3925367593765259,0.8501421809196472
31_openBC_xfoilData_weakPDE_kutta_Re200,runs_pinn_openbc_v3_full_data/31_openBC_xfoilData_weakPDE_kutta_Re200,ok,0.7543664639459555,-0.0011039667148336485,-0.14388250606106182,0.054600633680820465,0.4059216380119324,0.3300425112247467,-1.2931690216064453,0.7225393652915955
