case,case_dir,status,CL_pressure,CD_pressure,CM_ref,cp_mae_vs_xfoil,speed_mean,speed_std,cp_like_min,cp_like_max
30_openBC_unsupervised_Re1000,runs_pinn_openbc_v3_full_data/30_openBC_unsupervised_Re1000,ok,0.0006112949336386325,-0.0015168271141797905,-6.640858557392312e-06,,0.9556508660316467,0.2710117697715759,-0.09134053438901901,0.019269665703177452
30_openBC_unsupervised_Re200,runs_pinn_openbc_v3_full_data/30_openBC_unsupervised_Re200,ok,0.000666495266263587,-0.006361092896162615,0.00011241820294354866,,0.9542590975761414,0.2782903015613556,-0.20127436518669128,0.0054321326315402985
30_openBC_unsupervised_kutta_Re1000,runs_pinn_openbc_v3_full_data/30_openBC_unsupervised_kutta_Re1000,ok,7.358960743784475e-05,-0.0014841215861908783,3.837634768904391e-05,,0.9553729891777039,0.2705232799053192,-0.09386146068572998,0.005692148581147194
30_openBC_unsupervised_kutta_Re200,runs_pinn_openbc_v3_full_data/30_openBC_unsupervised_kutta_Re200,ok,7.408790437559028e-05,-0.006457468639680968,0.00016254985348500978,,0.9429274797439575,0.2738380432128906,-0.20400695502758026,0.007338237017393112
31_openBC_xfoilData_strongerPDE_Re200,runs_pinn_openbc_v3_full_data/31_openBC_xfoilData_strongerPDE_Re200,ok,0.79175182420059,0.0033498569100575554,-0.1526144934654674,0.028706222772598267,0.791027843952179,0.26310279965400696,-1.642073631286621,0.8966292142868042
31_openBC_xfoilData_weakPDE_Re200,runs_pinn_openbc_v3_full_data/31_openBC_xfoilData_weakPDE_Re200,ok,0.7850372478781595,0.0010951736790338895,-0.1494798234733979,0.023420508950948715,0.7839642763137817,0.26869645714759827,-1.6622421741485596,0.955861508846283
31_openBC_xfoilData_weakPDE_kutta_Re200,runs_pinn_openbc_v3_full_data/31_openBC_xfoilData_weakPDE_kutta_Re200,ok,0.7838452425895832,0.0028928004776724997,-0.1487617041838215,0.023110633715987206,0.7009676694869995,0.33017075061798096,-1.6329048871994019,0.9589030742645264
