case,Re,alpha_deg,fourier,w_kutta,w_data,boundary_mode,w_far_cp,CL_pressure,CD_pressure,CM_ref,CL_xfoil,Cp_MAE_vs_XFOIL,final_loss,final_pde,final_wall,time_sec,case_dir
30_openBC_unsupervised_Re1000,1000.0,5.0,False,0.0,0.0,openbc,0.0,0.0006112949336386325,-0.0015168271141797905,-6.640858557392312e-06,,,0.0033358440268784,0.0012972857803106,1.6798931028461084e-05,331.21013379096985,runs_pinn_openbc_v3_full_data/30_openBC_unsupervised_Re1000
30_openBC_unsupervised_Re200,200.0,5.0,False,0.0,0.0,openbc,0.0,0.000666495266263587,-0.006361092896162615,0.00011241820294354866,,,0.0082041220739483,0.0017047934234142,6.273431063164026e-05,332.02778911590576,runs_pinn_openbc_v3_full_data/30_openBC_unsupervised_Re200
30_openBC_unsupervised_kutta_Re1000,1000.0,5.0,False,2.0,0.0,openbc,0.0,7.358960743784475e-05,-0.0014841215861908783,3.837634768904391e-05,,,0.0030093123205006,0.001342817209661,1.1447071301518008e-05,340.0955946445465,runs_pinn_openbc_v3_full_data/30_openBC_unsupervised_kutta_Re1000
30_openBC_unsupervised_kutta_Re200,200.0,5.0,False,2.0,0.0,openbc,0.0,7.408790437559028e-05,-0.006457468639680968,0.00016254985348500978,,,0.0059455870650708,0.0017029629088938,2.779320857371204e-05,339.4575083255768,runs_pinn_openbc_v3_full_data/30_openBC_unsupervised_kutta_Re200
31_openBC_xfoilData_strongerPDE_Re200,200.0,5.0,False,0.0,100.0,openbc,0.0,0.79175182420059,0.0033498569100575554,-0.1526144934654674,0.79941373077134,0.028706222772598267,0.1650866866111755,0.0262586865574121,0.0042795790359377,342.57258796691895,runs_pinn_openbc_v3_full_data/31_openBC_xfoilData_strongerPDE_Re200
31_openBC_xfoilData_weakPDE_Re200,200.0,5.0,False,0.0,100.0,openbc,0.0,0.7850372478781595,0.0010951736790338895,-0.1494798234733979,0.79941373077134,0.023420508950948715,0.0432870015501976,0.0264128968119621,0.0013746523763984,341.4435889720917,runs_pinn_openbc_v3_full_data/31_openBC_xfoilData_weakPDE_Re200
31_openBC_xfoilData_weakPDE_kutta_Re200,200.0,5.0,False,2.0,100.0,openbc,0.0,0.7838452425895832,0.0028928004776724997,-0.1487617041838215,0.79941373077134,0.023110633715987206,0.1426782011985778,0.0417856201529502,0.0099065098911523,349.8785750865936,runs_pinn_openbc_v3_full_data/31_openBC_xfoilData_weakPDE_kutta_Re200
