case,Re,alpha_deg,fourier,w_kutta,w_data,boundary_mode,w_far_cp,CL_pressure,CD_pressure,CM_ref,CL_xfoil,Cp_MAE_vs_XFOIL,final_loss,final_pde,final_wall,time_sec,case_dir
30_openBC_unsupervised_Re1000,1000.0,5.0,False,0.0,0.0,openbc,0.0,0.0009262106965578375,-0.0014346104536323288,-5.0530762190244966e-05,,,0.0047610141336917,0.0015048400964587,1.3742637747782284e-05,621.9732670783997,runs_pinn_openbc_v3_full_data/30_openBC_unsupervised_Re1000
30_openBC_unsupervised_Re200,200.0,5.0,False,0.0,0.0,openbc,0.0,0.0010389162688934283,-0.006022441792659928,4.1449149838942295e-05,,,0.0053262691944837,0.0018791124457493,8.227354555856436e-06,665.89865899086,runs_pinn_openbc_v3_full_data/30_openBC_unsupervised_Re200
30_openBC_unsupervised_kutta_Re1000,1000.0,5.0,False,2.0,0.0,openbc,0.0,0.0006823329814020063,-0.0014146314274375924,-3.0374861606230485e-05,,,0.0085242772474884,0.0015082736499607,6.669988215435296e-05,669.9411897659302,runs_pinn_openbc_v3_full_data/30_openBC_unsupervised_kutta_Re1000
30_openBC_unsupervised_kutta_Re200,200.0,5.0,False,2.0,0.0,openbc,0.0,0.0004514234015870482,-0.005854613603060548,8.647344614651914e-05,,,0.0050670257769525,0.0019065500237047,9.59703447733773e-06,637.5308268070221,runs_pinn_openbc_v3_full_data/30_openBC_unsupervised_kutta_Re200
31_openBC_xfoilData_strongerPDE_Re200,200.0,5.0,False,0.0,100.0,openbc,0.0,0.7700254267785986,0.002423841127632706,-0.14884989354425368,0.79941373077134,0.0314607247710228,0.1235332787036895,0.0187961794435977,0.0022612703032791,680.6375668048859,runs_pinn_openbc_v3_full_data/31_openBC_xfoilData_strongerPDE_Re200
31_openBC_xfoilData_weakPDE_Re200,200.0,5.0,False,0.0,100.0,openbc,0.0,0.7891315107208773,0.0025493948314041365,-0.14975723056023532,0.79941373077134,0.02088833972811699,0.0383737012743949,0.030896320939064,0.0008906494476832,653.0430603027344,runs_pinn_openbc_v3_full_data/31_openBC_xfoilData_weakPDE_Re200
31_openBC_xfoilData_weakPDE_kutta_Re200,200.0,5.0,False,2.0,100.0,openbc,0.0,0.7543664639459555,-0.0011039667148336485,-0.14388250606106182,0.79941373077134,0.054600633680820465,1.2736657857894895,0.054649394005537,0.0121628493070602,673.9045345783234,runs_pinn_openbc_v3_full_data/31_openBC_xfoilData_weakPDE_kutta_Re200
