{
  "u": {
    "min": -0.0048880912363529205,
    "max": 1.2079417705535889,
    "mean": 0.9593936800956726,
    "std": 0.2678340673446655
  },
  "v": {
    "min": -0.12185419350862503,
    "max": 0.1585613340139389,
    "mean": 0.010094597004354,
    "std": 0.04436598718166351
  },
  "speed": {
    "min": 0.00020542704442050308,
    "max": 1.2079473733901978,
    "mean": 0.9604883790016174,
    "std": 0.26777517795562744
  },
  "p": {
    "min": -0.11593097448348999,
    "max": 0.04162898287177086,
    "mean": -0.03368734195828438,
    "std": 0.027209458872675896
  },
  "cp_like": {
    "min": -0.23186194896697998,
    "max": 0.08325796574354172,
    "mean": -0.06737468391656876,
    "std": 0.05441891774535179
  },
  "divergence": {
    "min": -0.07488956302404404,
    "max": 0.05002690851688385,
    "mean": -0.004627014044672251,
    "std": 0.009621324017643929
  },
  "momentum_residual": {
    "min": 0.00010833370470209047,
    "max": 0.2880145013332367,
    "mean": 0.028675537556409836,
    "std": 0.030150383710861206
  }
}