{
  "u": {
    "min": -0.0014656223356723785,
    "max": 1.2177451848983765,
    "mean": 0.9554426074028015,
    "std": 0.27713972330093384
  },
  "v": {
    "min": -0.12911662459373474,
    "max": 0.16967904567718506,
    "mean": 0.010982824489474297,
    "std": 0.046316295862197876
  },
  "speed": {
    "min": 0.0008022116380743682,
    "max": 1.2178587913513184,
    "mean": 0.9566450715065002,
    "std": 0.2770794928073883
  },
  "p": {
    "min": -0.1756904274225235,
    "max": 0.004392510280013084,
    "mean": -0.05462215468287468,
    "std": 0.03656044602394104
  },
  "cp_like": {
    "min": -0.351380854845047,
    "max": 0.008785020560026169,
    "mean": -0.10924430936574936,
    "std": 0.07312089204788208
  },
  "divergence": {
    "min": -0.0790681317448616,
    "max": 0.04908289760351181,
    "mean": -0.005687272641807795,
    "std": 0.010206770151853561
  },
  "momentum_residual": {
    "min": 0.00023752437846269459,
    "max": 0.3287123143672943,
    "mean": 0.03230679780244827,
    "std": 0.03416326642036438
  }
}