{
  "coeffs": {
    "Fx_coeff": -0.06543482181861882,
    "Fy_coeff": 0.7811145989664332,
    "CD_pressure": 0.0028928004776724997,
    "CL_pressure": 0.7838452425895832,
    "CM_ref": -0.1487617041838215
  },
  "xfoil_coeffs": {
    "Fx_coeff": -0.06374761556052669,
    "Fy_coeff": 0.796890167664453,
    "CD_pressure": 0.005948517813713694,
    "CL_pressure": 0.79941373077134,
    "CM_ref": -0.1481433150498485
  },
  "cp_mae_vs_xfoil": 0.023110633715987206,
  "xfoil_error": null
}