{
  "u": {
    "min": -0.0007181577384471893,
    "max": 1.2368355989456177,
    "mean": 0.9396325945854187,
    "std": 0.2731463611125946
  },
  "v": {
    "min": -0.06133133918046951,
    "max": 0.20020216703414917,
    "mean": 0.06789588183164597,
    "std": 0.0444001667201519
  },
  "speed": {
    "min": 0.000858103041537106,
    "max": 1.2395159006118774,
    "mean": 0.9429274797439575,
    "std": 0.2738380432128906
  },
  "p": {
    "min": -0.10200347751379013,
    "max": 0.003669118508696556,
    "mean": -0.04307476431131363,
    "std": 0.025551365688443184
  },
  "cp_like": {
    "min": -0.20400695502758026,
    "max": 0.007338237017393112,
    "mean": -0.08614952862262726,
    "std": 0.05110273137688637
  },
  "divergence": {
    "min": -0.09168623387813568,
    "max": 0.0289706289768219,
    "mean": -0.004965117666870356,
    "std": 0.011071361601352692
  },
  "momentum_residual": {
    "min": 4.594685833581025e-06,
    "max": 0.2872290313243866,
    "mean": 0.030298378318548203,
    "std": 0.0319119431078434
  }
}