{
  "coeffs": {
    "Fx_coeff": -0.0060900721024820005,
    "Fy_coeff": 0.0005100724912390775,
    "CD_pressure": -0.006022441792659928,
    "CL_pressure": 0.0010389162688934283,
    "CM_ref": 4.1449149838942295e-05
  },
  "xfoil_coeffs": null,
  "cp_mae_vs_xfoil": null
}