{
  "u": {
    "min": -0.002507997676730156,
    "max": 1.2559568881988525,
    "mean": 0.9528714418411255,
    "std": 0.2694966197013855
  },
  "v": {
    "min": -0.05630679056048393,
    "max": 0.18817894160747528,
    "mean": 0.06726998835802078,
    "std": 0.041623324155807495
  },
  "speed": {
    "min": 0.0009944771882146597,
    "max": 1.2592697143554688,
    "mean": 0.9559539556503296,
    "std": 0.27018943428993225
  },
  "p": {
    "min": -0.0456673800945282,
    "max": 0.009628876112401485,
    "mean": -0.01942603476345539,
    "std": 0.01129312813282013
  },
  "cp_like": {
    "min": -0.0913347601890564,
    "max": 0.01925775222480297,
    "mean": -0.03885206952691078,
    "std": 0.02258625626564026
  },
  "divergence": {
    "min": -0.09791018068790436,
    "max": 0.02331627905368805,
    "mean": -0.005435192957520485,
    "std": 0.01042298786342144
  },
  "momentum_residual": {
    "min": 0.00018947773787658662,
    "max": 0.26230549812316895,
    "mean": 0.027206042781472206,
    "std": 0.02748994156718254
  }
}