{
  "u": {
    "min": -0.12183944880962372,
    "max": 1.184576392173767,
    "mean": 0.7861873507499695,
    "std": 0.26098814606666565
  },
  "v": {
    "min": -0.13597796857357025,
    "max": 0.9245150089263916,
    "mean": 0.06604603677988052,
    "std": 0.06618691980838776
  },
  "speed": {
    "min": 0.014002563431859016,
    "max": 1.204103946685791,
    "mean": 0.791027843952179,
    "std": 0.26310279965400696
  },
  "p": {
    "min": -0.8210368156433105,
    "max": 0.4483146071434021,
    "mean": -0.05030040070414543,
    "std": 0.11500660330057144
  },
  "cp_like": {
    "min": -1.642073631286621,
    "max": 0.8966292142868042,
    "mean": -0.10060080140829086,
    "std": 0.23001320660114288
  },
  "divergence": {
    "min": -1.577901840209961,
    "max": 2.0164012908935547,
    "mean": -0.04264519363641739,
    "std": 0.055900681763887405
  },
  "momentum_residual": {
    "min": 0.00012328721641097218,
    "max": 8.29535961151123,
    "mean": 0.09442585706710815,
    "std": 0.11775925010442734
  }
}