{
  "u": {
    "min": -0.1012498140335083,
    "max": 1.1038105487823486,
    "mean": 0.779244601726532,
    "std": 0.2669067680835724
  },
  "v": {
    "min": -0.08948075026273727,
    "max": 0.8861375451087952,
    "mean": 0.0758783370256424,
    "std": 0.050783198326826096
  },
  "speed": {
    "min": 0.0026558274403214455,
    "max": 1.1795700788497925,
    "mean": 0.7839642763137817,
    "std": 0.26869645714759827
  },
  "p": {
    "min": -0.8311210870742798,
    "max": 0.4779307544231415,
    "mean": -0.061932966113090515,
    "std": 0.12378101795911789
  },
  "cp_like": {
    "min": -1.6622421741485596,
    "max": 0.955861508846283,
    "mean": -0.12386593222618103,
    "std": 0.24756203591823578
  },
  "divergence": {
    "min": -3.892714500427246,
    "max": 3.3722305297851562,
    "mean": -0.05284919589757919,
    "std": 0.04941224679350853
  },
  "momentum_residual": {
    "min": 5.425500785349868e-05,
    "max": 18.42902183532715,
    "mean": 0.0940953865647316,
    "std": 0.13046894967556
  }
}